{
  "schema_version": 1,
  "label": "ICC DLS International (Standard Edition)",
  "format_overs": 50,
  "source": {
    "doc_title": "DUCKWORTH-LEWIS METHODOLOGY FOR RE-CALCULATING THE TARGET SCORE IN AN INTERRUPTED MATCH",
    "doc_effective_date": "2006-01-01",
    "doc_url": "https://images.icc-cricket.com/image/upload/prd/orlbya4cqyhqaceje3b2.pdf",
    "retrieved_at": "2025-08-20T21:46:18.832074+00:00"
  },
  "resources": {
    "0": [
      0.0,
      0.6,
      1.2,
      1.8,
      2.4,
      3.0,
      3.6,
      4.2,
      4.8,
      5.4,
      6.0,
      6.6,
      7.2,
      7.7,
      8.3,
      8.9,
      9.4,
      10.0,
      10.6,
      11.1,
      11.7,
      12.3,
      12.8,
      13.4,
      13.9,
      14.5,
      15.0,
      15.6,
      16.1,
      16.6,
      17.2,
      17.7,
      18.2,
      18.8,
      19.3,
      19.8,
      20.3,
      20.8,
      21.4,
      21.9,
      22.4,
      22.9,
      23.4,
      23.9,
      24.4,
      24.9,
      25.4,
      25.9,
      26.4,
      26.9,
      27.4,
      27.9,
      28.3,
      28.8,
      29.3,
      29.8,
      30.3,
      30.7,
      31.2,
      31.7,
      32.1,
      32.6,
      33.1,
      33.5,
      34.0,
      34.4,
      34.9,
      35.3,
      35.8,
      36.2,
      36.7,
      37.1,
      37.6,
      38.0,
      38.5,
      38.9,
      39.3,
      39.8,
      40.2,
      40.6,
      41.0,
      41.5,
      41.9,
      42.3,
      42.7,
      43.1,
      43.5,
      44.0,
      44.4,
      44.8,
      45.2,
      45.6,
      46.0,
      46.4,
      46.8,
      47.2,
      47.6,
      48.0,
      48.4,
      48.8,
      49.2,
      49.5,
      49.9,
      50.3,
      50.7,
      51.1,
      51.5,
      51.8,
      52.2,
      52.6,
      52.9,
      53.3,
      53.7,
      54.1,
      54.4,
      54.8,
      55.1,
      55.5,
      55.9,
      56.2,
      56.6,
      56.9,
      57.3,
      57.6,
      58.0,
      58.3,
      58.7,
      59.0,
      59.3,
      59.7,
      60.0,
      60.4,
      60.7,
      61.0,
      61.4,
      61.7,
      62.0,
      62.4,
      62.7,
      63.0,
      63.3,
      63.7,
      64.0,
      64.3,
      64.6,
      64.9,
      65.2,
      65.6,
      65.9,
      66.2,
      66.5,
      66.8,
      67.1,
      67.4,
      67.7,
      68.0,
      68.3,
      68.6,
      68.9,
      69.2,
      69.5,
      69.8,
      70.1,
      70.4,
      70.7,
      71.0,
      71.3,
      71.5,
      71.8,
      72.1,
      72.4,
      72.7,
      73.0,
      73.2,
      73.5,
      73.8,
      74.1,
      74.3,
      74.6,
      74.9,
      75.1,
      75.4,
      75.7,
      75.9,
      76.2,
      76.5,
      76.7,
      77.0,
      77.3,
      77.5,
      77.8,
      78.0,
      78.3,
      78.5,
      78.8,
      79.0,
      79.3,
      79.5,
      79.8,
      80.0,
      80.3,
      80.5,
      80.8,
      81.0,
      81.3,
      81.5,
      81.7,
      82.0,
      82.2,
      82.5,
      82.7,
      82.9,
      83.2,
      83.4,
      83.6,
      83.8,
      84.1,
      84.3,
      84.5,
      84.8,
      85.0,
      85.2,
      85.4,
      85.6,
      85.9,
      86.1,
      86.3,
      86.5,
      86.7,
      87.0,
      87.2,
      87.4,
      87.6,
      87.8,
      88.0,
      88.2,
      88.4,
      88.6,
      88.9,
      89.1,
      89.3,
      89.5,
      89.7,
      89.9,
      90.1,
      90.3,
      90.5,
      90.7,
      90.9,
      91.1,
      91.3,
      91.5,
      91.7,
      91.8,
      92.0,
      92.2,
      92.4,
      92.6,
      92.8,
      93.0,
      93.2,
      93.4,
      93.5,
      93.7,
      93.9,
      94.1,
      94.3,
      94.5,
      94.6,
      94.8,
      95.0,
      95.2,
      95.4,
      95.5,
      95.7,
      95.9,
      96.1,
      96.2,
      96.4,
      96.6,
      96.7,
      96.9,
      97.1,
      97.3,
      97.4,
      97.6,
      97.8,
      97.9,
      98.1,
      98.2,
      98.4,
      98.6,
      98.7,
      98.9,
      99.1,
      99.2,
      99.4,
      99.5,
      99.7,
      99.8,
      100.0
    ],
    "1": [
      0.0,
      0.6,
      1.2,
      1.8,
      2.4,
      3.0,
      3.6,
      4.2,
      4.8,
      5.4,
      6.0,
      6.5,
      7.1,
      7.7,
      8.3,
      8.8,
      9.4,
      10.0,
      10.5,
      11.1,
      11.6,
      12.2,
      12.7,
      13.3,
      13.8,
      14.4,
      14.9,
      15.4,
      16.0,
      16.5,
      17.0,
      17.5,
      18.1,
      18.6,
      19.1,
      19.6,
      20.1,
      20.6,
      21.1,
      21.6,
      22.1,
      22.6,
      23.1,
      23.6,
      24.1,
      24.6,
      25.1,
      25.6,
      26.0,
      26.5,
      27.0,
      27.5,
      27.9,
      28.4,
      28.9,
      29.3,
      29.8,
      30.2,
      30.7,
      31.1,
      31.6,
      32.0,
      32.5,
      32.9,
      33.4,
      33.8,
      34.2,
      34.7,
      35.1,
      35.5,
      36.0,
      36.4,
      36.8,
      37.2,
      37.7,
      38.1,
      38.5,
      38.9,
      39.3,
      39.7,
      40.1,
      40.5,
      40.9,
      41.3,
      41.7,
      42.1,
      42.5,
      42.9,
      43.3,
      43.7,
      44.1,
      44.5,
      44.8,
      45.2,
      45.6,
      46.0,
      46.3,
      46.7,
      47.1,
      47.5,
      47.8,
      48.2,
      48.5,
      48.9,
      49.3,
      49.6,
      50.0,
      50.3,
      50.7,
      51.0,
      51.4,
      51.7,
      52.1,
      52.4,
      52.8,
      53.1,
      53.4,
      53.8,
      54.1,
      54.4,
      54.8,
      55.1,
      55.4,
      55.7,
      56.1,
      56.4,
      56.7,
      57.0,
      57.3,
      57.7,
      58.0,
      58.3,
      58.6,
      58.9,
      59.2,
      59.5,
      59.8,
      60.1,
      60.4,
      60.7,
      61.0,
      61.3,
      61.6,
      61.9,
      62.2,
      62.5,
      62.8,
      63.1,
      63.3,
      63.6,
      63.9,
      64.2,
      64.5,
      64.8,
      65.0,
      65.3,
      65.6,
      65.9,
      66.1,
      66.4,
      66.7,
      66.9,
      67.2,
      67.5,
      67.7,
      68.0,
      68.2,
      68.5,
      68.8,
      69.0,
      69.3,
      69.5,
      69.8,
      70.0,
      70.3,
      70.5,
      70.8,
      71.0,
      71.3,
      71.5,
      71.8,
      72.0,
      72.2,
      72.5,
      72.7,
      72.9,
      73.2,
      73.4,
      73.6,
      73.9,
      74.1,
      74.3,
      74.6,
      74.8,
      75.0,
      75.2,
      75.5,
      75.7,
      75.9,
      76.1,
      76.3,
      76.6,
      76.8,
      77.0,
      77.2,
      77.4,
      77.6,
      77.8,
      78.0,
      78.3,
      78.5,
      78.7,
      78.9,
      79.1,
      79.3,
      79.5,
      79.7,
      79.9,
      80.1,
      80.3,
      80.5,
      80.7,
      80.9,
      81.1,
      81.3,
      81.5,
      81.6,
      81.8,
      82.0,
      82.2,
      82.4,
      82.6,
      82.8,
      83.0,
      83.1,
      83.3,
      83.5,
      83.7,
      83.9,
      84.0,
      84.2,
      84.4,
      84.6,
      84.7,
      84.9,
      85.1,
      85.3,
      85.4,
      85.6,
      85.8,
      85.9,
      86.1,
      86.3,
      86.4,
      86.6,
      86.8,
      86.9,
      87.1,
      87.3,
      87.4,
      87.6,
      87.7,
      87.9,
      88.1,
      88.2,
      88.4,
      88.5,
      88.7,
      88.8,
      89.0,
      89.1,
      89.3,
      89.4,
      89.6,
      89.7,
      89.9,
      90.0,
      90.2,
      90.3,
      90.5,
      90.6,
      90.8,
      90.9,
      91.0,
      91.2,
      91.3,
      91.5,
      91.6,
      91.7,
      91.9,
      92.0,
      92.2,
      92.3,
      92.4,
      92.6,
      92.7,
      92.8,
      93.0,
      93.1,
      93.2,
      93.4
    ],
    "2": [
      0.0,
      0.6,
      1.2,
      1.8,
      2.4,
      3.0,
      3.6,
      4.2,
      4.8,
      5.4,
      5.9,
      6.5,
      7.1,
      7.7,
      8.2,
      8.8,
      9.3,
      9.9,
      10.4,
      11.0,
      11.5,
      12.1,
      12.6,
      13.2,
      13.7,
      14.2,
      14.7,
      15.3,
      15.8,
      16.3,
      16.8,
      17.3,
      17.8,
      18.3,
      18.8,
      19.3,
      19.8,
      20.3,
      20.8,
      21.3,
      21.8,
      22.3,
      22.7,
      23.2,
      23.7,
      24.1,
      24.6,
      25.1,
      25.5,
      26.0,
      26.4,
      26.9,
      27.3,
      27.8,
      28.2,
      28.7,
      29.1,
      29.6,
      30.0,
      30.4,
      30.8,
      31.3,
      31.7,
      32.1,
      32.5,
      32.9,
      33.4,
      33.8,
      34.2,
      34.6,
      35.0,
      35.4,
      35.8,
      36.2,
      36.6,
      37.0,
      37.4,
      37.7,
      38.1,
      38.5,
      38.9,
      39.3,
      39.6,
      40.0,
      40.4,
      40.8,
      41.1,
      41.5,
      41.8,
      42.2,
      42.6,
      42.9,
      43.3,
      43.6,
      44.0,
      44.3,
      44.7,
      45.0,
      45.4,
      45.7,
      46.0,
      46.4,
      46.7,
      47.0,
      47.4,
      47.7,
      48.0,
      48.3,
      48.6,
      49.0,
      49.3,
      49.6,
      49.9,
      50.2,
      50.5,
      50.8,
      51.1,
      51.5,
      51.8,
      52.1,
      52.4,
      52.6,
      52.9,
      53.2,
      53.5,
      53.8,
      54.1,
      54.4,
      54.7,
      55.0,
      55.2,
      55.5,
      55.8,
      56.1,
      56.3,
      56.6,
      56.9,
      57.2,
      57.4,
      57.7,
      58.0,
      58.2,
      58.5,
      58.7,
      59.0,
      59.3,
      59.5,
      59.8,
      60.0,
      60.3,
      60.5,
      60.8,
      61.0,
      61.3,
      61.5,
      61.7,
      62.0,
      62.2,
      62.5,
      62.7,
      62.9,
      63.2,
      63.4,
      63.6,
      63.9,
      64.1,
      64.3,
      64.5,
      64.8,
      65.0,
      65.2,
      65.4,
      65.6,
      65.9,
      66.1,
      66.3,
      66.5,
      66.7,
      66.9,
      67.1,
      67.3,
      67.6,
      67.8,
      68.0,
      68.2,
      68.4,
      68.6,
      68.8,
      69.0,
      69.2,
      69.4,
      69.6,
      69.7,
      69.9,
      70.1,
      70.3,
      70.5,
      70.7,
      70.9,
      71.1,
      71.3,
      71.4,
      71.6,
      71.8,
      72.0,
      72.2,
      72.3,
      72.5,
      72.7,
      72.9,
      73.0,
      73.2,
      73.4,
      73.6,
      73.7,
      73.9,
      74.1,
      74.2,
      74.4,
      74.6,
      74.7,
      74.9,
      75.0,
      75.2,
      75.4,
      75.5,
      75.7,
      75.8,
      76.0,
      76.2,
      76.3,
      76.5,
      76.6,
      76.8,
      76.9,
      77.1,
      77.2,
      77.4,
      77.5,
      77.7,
      77.8,
      77.9,
      78.1,
      78.2,
      78.4,
      78.5,
      78.7,
      78.8,
      78.9,
      79.1,
      79.2,
      79.3,
      79.5,
      79.6,
      79.7,
      79.9,
      80.0,
      80.1,
      80.3,
      80.4,
      80.5,
      80.7,
      80.8,
      80.9,
      81.0,
      81.2,
      81.3,
      81.4,
      81.5,
      81.7,
      81.8,
      81.9,
      82.0,
      82.1,
      82.3,
      82.4,
      82.5,
      82.6,
      82.7,
      82.8,
      82.9,
      83.1,
      83.2,
      83.3,
      83.4,
      83.5,
      83.6,
      83.7,
      83.8,
      83.9,
      84.0,
      84.2,
      84.3,
      84.4,
      84.5,
      84.6,
      84.7,
      84.8,
      84.9,
      85.0,
      85.1
    ],
    "3": [
      0.0,
      0.6,
      1.2,
      1.8,
      2.4,
      3.0,
      3.6,
      4.2,
      4.8,
      5.3,
      5.9,
      6.5,
      7.0,
      7.6,
      8.2,
      8.7,
      9.3,
      9.8,
      10.3,
      10.9,
      11.4,
      11.9,
      12.5,
      13.0,
      13.5,
      14.0,
      14.5,
      15.0,
      15.5,
      16.0,
      16.5,
      17.0,
      17.5,
      18.0,
      18.5,
      18.9,
      19.4,
      19.9,
      20.3,
      20.8,
      21.3,
      21.7,
      22.2,
      22.6,
      23.1,
      23.5,
      24.0,
      24.4,
      24.8,
      25.3,
      25.7,
      26.1,
      26.5,
      26.9,
      27.4,
      27.8,
      28.2,
      28.6,
      29.0,
      29.4,
      29.8,
      30.2,
      30.6,
      31.0,
      31.4,
      31.7,
      32.1,
      32.5,
      32.9,
      33.2,
      33.6,
      34.0,
      34.3,
      34.7,
      35.1,
      35.4,
      35.8,
      36.1,
      36.5,
      36.8,
      37.2,
      37.5,
      37.9,
      38.2,
      38.5,
      38.9,
      39.2,
      39.5,
      39.8,
      40.2,
      40.5,
      40.8,
      41.1,
      41.4,
      41.7,
      42.0,
      42.3,
      42.7,
      43.0,
      43.3,
      43.6,
      43.8,
      44.1,
      44.4,
      44.7,
      45.0,
      45.3,
      45.6,
      45.9,
      46.1,
      46.4,
      46.7,
      47.0,
      47.2,
      47.5,
      47.8,
      48.0,
      48.3,
      48.6,
      48.8,
      49.1,
      49.3,
      49.6,
      49.8,
      50.1,
      50.3,
      50.6,
      50.8,
      51.1,
      51.3,
      51.5,
      51.8,
      52.0,
      52.3,
      52.5,
      52.7,
      52.9,
      53.2,
      53.4,
      53.6,
      53.8,
      54.1,
      54.3,
      54.5,
      54.7,
      54.9,
      55.2,
      55.4,
      55.6,
      55.8,
      56.0,
      56.2,
      56.4,
      56.6,
      56.8,
      57.0,
      57.2,
      57.4,
      57.6,
      57.8,
      58.0,
      58.2,
      58.4,
      58.5,
      58.7,
      58.9,
      59.1,
      59.3,
      59.5,
      59.7,
      59.8,
      60.0,
      60.2,
      60.4,
      60.5,
      60.7,
      60.9,
      61.1,
      61.2,
      61.4,
      61.6,
      61.7,
      61.9,
      62.0,
      62.2,
      62.4,
      62.5,
      62.7,
      62.8,
      63.0,
      63.2,
      63.3,
      63.5,
      63.6,
      63.8,
      63.9,
      64.1,
      64.2,
      64.4,
      64.5,
      64.6,
      64.8,
      64.9,
      65.1,
      65.2,
      65.3,
      65.5,
      65.6,
      65.8,
      65.9,
      66.0,
      66.2,
      66.3,
      66.4,
      66.6,
      66.7,
      66.8,
      66.9,
      67.1,
      67.2,
      67.3,
      67.4,
      67.6,
      67.7,
      67.8,
      67.9,
      68.0,
      68.2,
      68.3,
      68.4,
      68.5,
      68.6,
      68.7,
      68.9,
      69.0,
      69.1,
      69.2,
      69.3,
      69.4,
      69.5,
      69.6,
      69.7,
      69.8,
      69.9,
      70.1,
      70.2,
      70.3,
      70.4,
      70.5,
      70.6,
      70.7,
      70.8,
      70.9,
      71.0,
      71.1,
      71.2,
      71.3,
      71.3,
      71.4,
      71.5,
      71.6,
      71.7,
      71.8,
      71.9,
      72.0,
      72.1,
      72.2,
      72.3,
      72.4,
      72.4,
      72.5,
      72.6,
      72.7,
      72.8,
      72.9,
      73.0,
      73.0,
      73.1,
      73.2,
      73.3,
      73.4,
      73.4,
      73.5,
      73.6,
      73.7,
      73.8,
      73.8,
      73.9,
      74.0,
      74.1,
      74.1,
      74.2,
      74.3,
      74.4,
      74.4,
      74.5,
      74.6,
      74.6,
      74.7,
      74.8,
      74.9
    ],
    "4": [
      0.0,
      0.6,
      1.2,
      1.8,
      2.4,
      3.0,
      3.6,
      4.2,
      4.7,
      5.3,
      5.9,
      6.4,
      7.0,
      7.5,
      8.0,
      8.6,
      9.1,
      9.6,
      10.2,
      10.7,
      11.2,
      11.7,
      12.2,
      12.7,
      13.2,
      13.7,
      14.2,
      14.7,
      15.1,
      15.6,
      16.1,
      16.5,
      17.0,
      17.4,
      17.9,
      18.3,
      18.8,
      19.2,
      19.7,
      20.1,
      20.5,
      20.9,
      21.4,
      21.8,
      22.2,
      22.6,
      23.0,
      23.4,
      23.8,
      24.2,
      24.6,
      25.0,
      25.3,
      25.7,
      26.1,
      26.5,
      26.8,
      27.2,
      27.6,
      27.9,
      28.3,
      28.6,
      29.0,
      29.3,
      29.7,
      30.0,
      30.4,
      30.7,
      31.0,
      31.3,
      31.7,
      32.0,
      32.3,
      32.6,
      32.9,
      33.2,
      33.6,
      33.9,
      34.2,
      34.5,
      34.8,
      35.0,
      35.3,
      35.6,
      35.9,
      36.2,
      36.5,
      36.8,
      37.0,
      37.3,
      37.6,
      37.8,
      38.1,
      38.4,
      38.6,
      38.9,
      39.1,
      39.4,
      39.6,
      39.9,
      40.1,
      40.4,
      40.6,
      40.9,
      41.1,
      41.3,
      41.6,
      41.8,
      42.0,
      42.3,
      42.5,
      42.7,
      42.9,
      43.2,
      43.4,
      43.6,
      43.8,
      44.0,
      44.2,
      44.4,
      44.6,
      44.8,
      45.0,
      45.2,
      45.4,
      45.6,
      45.8,
      46.0,
      46.2,
      46.4,
      46.6,
      46.8,
      47.0,
      47.1,
      47.3,
      47.5,
      47.7,
      47.9,
      48.0,
      48.2,
      48.4,
      48.5,
      48.7,
      48.9,
      49.0,
      49.2,
      49.4,
      49.5,
      49.7,
      49.8,
      50.0,
      50.2,
      50.3,
      50.5,
      50.6,
      50.8,
      50.9,
      51.1,
      51.2,
      51.3,
      51.5,
      51.6,
      51.8,
      51.9,
      52.0,
      52.2,
      52.3,
      52.4,
      52.6,
      52.7,
      52.8,
      53.0,
      53.1,
      53.2,
      53.4,
      53.5,
      53.6,
      53.7,
      53.8,
      54.0,
      54.1,
      54.2,
      54.3,
      54.4,
      54.5,
      54.7,
      54.8,
      54.9,
      55.0,
      55.1,
      55.2,
      55.3,
      55.4,
      55.5,
      55.6,
      55.7,
      55.8,
      55.9,
      56.0,
      56.1,
      56.2,
      56.3,
      56.4,
      56.5,
      56.6,
      56.7,
      56.8,
      56.9,
      57.0,
      57.1,
      57.2,
      57.3,
      57.4,
      57.4,
      57.5,
      57.6,
      57.7,
      57.8,
      57.9,
      58.0,
      58.0,
      58.1,
      58.2,
      58.3,
      58.4,
      58.4,
      58.5,
      58.6,
      58.7,
      58.8,
      58.8,
      58.9,
      59.0,
      59.0,
      59.1,
      59.2,
      59.3,
      59.3,
      59.4,
      59.5,
      59.5,
      59.6,
      59.7,
      59.7,
      59.8,
      59.9,
      59.9,
      60.0,
      60.1,
      60.1,
      60.2,
      60.3,
      60.3,
      60.4,
      60.4,
      60.5,
      60.6,
      60.6,
      60.7,
      60.7,
      60.8,
      60.8,
      60.9,
      61.0,
      61.0,
      61.1,
      61.1,
      61.2,
      61.2,
      61.3,
      61.3,
      61.4,
      61.4,
      61.5,
      61.5,
      61.6,
      61.6,
      61.7,
      61.7,
      61.8,
      61.8,
      61.9,
      61.9,
      62.0,
      62.0,
      62.1,
      62.1,
      62.2,
      62.2,
      62.2,
      62.3,
      62.3,
      62.4,
      62.4,
      62.5,
      62.5,
      62.5,
      62.6,
      62.6,
      62.7,
      62.7
    ],
    "5": [
      0.0,
      0.6,
      1.2,
      1.8,
      2.4,
      3.0,
      3.5,
      4.1,
      4.7,
      5.2,
      5.8,
      6.3,
      6.8,
      7.4,
      7.9,
      8.4,
      8.9,
      9.4,
      9.9,
      10.4,
      10.9,
      11.3,
      11.8,
      12.3,
      12.7,
      13.2,
      13.6,
      14.1,
      14.5,
      15.0,
      15.4,
      15.8,
      16.2,
      16.6,
      17.0,
      17.4,
      17.8,
      18.2,
      18.6,
      19.0,
      19.4,
      19.8,
      20.1,
      20.5,
      20.9,
      21.2,
      21.6,
      21.9,
      22.3,
      22.6,
      22.9,
      23.3,
      23.6,
      23.9,
      24.2,
      24.5,
      24.9,
      25.2,
      25.5,
      25.8,
      26.1,
      26.4,
      26.6,
      26.9,
      27.2,
      27.5,
      27.8,
      28.0,
      28.3,
      28.6,
      28.8,
      29.1,
      29.4,
      29.6,
      29.9,
      30.1,
      30.4,
      30.6,
      30.8,
      31.1,
      31.3,
      31.5,
      31.8,
      32.0,
      32.2,
      32.4,
      32.6,
      32.8,
      33.1,
      33.3,
      33.5,
      33.7,
      33.9,
      34.1,
      34.3,
      34.5,
      34.7,
      34.8,
      35.0,
      35.2,
      35.4,
      35.6,
      35.8,
      35.9,
      36.1,
      36.3,
      36.4,
      36.6,
      36.8,
      36.9,
      37.1,
      37.3,
      37.4,
      37.6,
      37.7,
      37.9,
      38.0,
      38.2,
      38.3,
      38.5,
      38.6,
      38.8,
      38.9,
      39.0,
      39.2,
      39.3,
      39.4,
      39.6,
      39.7,
      39.8,
      40.0,
      40.1,
      40.2,
      40.3,
      40.4,
      40.6,
      40.7,
      40.8,
      40.9,
      41.0,
      41.1,
      41.2,
      41.4,
      41.5,
      41.6,
      41.7,
      41.8,
      41.9,
      42.0,
      42.1,
      42.2,
      42.3,
      42.4,
      42.5,
      42.6,
      42.7,
      42.8,
      42.8,
      42.9,
      43.0,
      43.1,
      43.2,
      43.3,
      43.4,
      43.4,
      43.5,
      43.6,
      43.7,
      43.8,
      43.9,
      43.9,
      44.0,
      44.1,
      44.2,
      44.2,
      44.3,
      44.4,
      44.4,
      44.5,
      44.6,
      44.7,
      44.7,
      44.8,
      44.9,
      44.9,
      45.0,
      45.1,
      45.1,
      45.2,
      45.2,
      45.3,
      45.4,
      45.4,
      45.5,
      45.5,
      45.6,
      45.7,
      45.7,
      45.8,
      45.8,
      45.9,
      45.9,
      46.0,
      46.0,
      46.1,
      46.1,
      46.2,
      46.2,
      46.3,
      46.3,
      46.4,
      46.4,
      46.5,
      46.5,
      46.6,
      46.6,
      46.6,
      46.7,
      46.7,
      46.8,
      46.8,
      46.9,
      46.9,
      46.9,
      47.0,
      47.0,
      47.1,
      47.1,
      47.1,
      47.2,
      47.2,
      47.3,
      47.3,
      47.3,
      47.4,
      47.4,
      47.4,
      47.5,
      47.5,
      47.5,
      47.6,
      47.6,
      47.6,
      47.7,
      47.7,
      47.7,
      47.8,
      47.8,
      47.8,
      47.8,
      47.9,
      47.9,
      47.9,
      48.0,
      48.0,
      48.0,
      48.0,
      48.1,
      48.1,
      48.1,
      48.1,
      48.2,
      48.2,
      48.2,
      48.3,
      48.3,
      48.3,
      48.3,
      48.3,
      48.4,
      48.4,
      48.4,
      48.4,
      48.5,
      48.5,
      48.5,
      48.5,
      48.5,
      48.6,
      48.6,
      48.6,
      48.6,
      48.6,
      48.7,
      48.7,
      48.7,
      48.7,
      48.7,
      48.8,
      48.8,
      48.8,
      48.8,
      48.8,
      48.9,
      48.9,
      48.9,
      48.9,
      48.9,
      48.9,
      49.0,
      49.0
    ],
    "6": [
      0.0,
      0.6,
      1.2,
      1.8,
      2.4,
      2.9,
      3.5,
      4.0,
      4.6,
      5.1,
      5.6,
      6.1,
      6.6,
      7.1,
      7.6,
      8.1,
      8.5,
      9.0,
      9.5,
      9.9,
      10.3,
      10.8,
      11.2,
      11.6,
      12.0,
      12.4,
      12.8,
      13.2,
      13.6,
      13.9,
      14.3,
      14.7,
      15.0,
      15.4,
      15.7,
      16.0,
      16.4,
      16.7,
      17.0,
      17.3,
      17.6,
      17.9,
      18.2,
      18.5,
      18.8,
      19.1,
      19.4,
      19.6,
      19.9,
      20.2,
      20.4,
      20.7,
      20.9,
      21.2,
      21.4,
      21.7,
      21.9,
      22.1,
      22.3,
      22.6,
      22.8,
      23.0,
      23.2,
      23.4,
      23.6,
      23.8,
      24.0,
      24.2,
      24.4,
      24.6,
      24.8,
      24.9,
      25.1,
      25.3,
      25.5,
      25.6,
      25.8,
      25.9,
      26.1,
      26.3,
      26.4,
      26.6,
      26.7,
      26.9,
      27.0,
      27.1,
      27.3,
      27.4,
      27.5,
      27.7,
      27.8,
      27.9,
      28.1,
      28.2,
      28.3,
      28.4,
      28.5,
      28.6,
      28.8,
      28.9,
      29.0,
      29.1,
      29.2,
      29.3,
      29.4,
      29.5,
      29.6,
      29.7,
      29.8,
      29.9,
      30.0,
      30.0,
      30.1,
      30.2,
      30.3,
      30.4,
      30.5,
      30.6,
      30.6,
      30.7,
      30.8,
      30.9,
      30.9,
      31.0,
      31.1,
      31.1,
      31.2,
      31.3,
      31.4,
      31.4,
      31.5,
      31.5,
      31.6,
      31.7,
      31.7,
      31.8,
      31.8,
      31.9,
      32.0,
      32.0,
      32.1,
      32.1,
      32.2,
      32.2,
      32.3,
      32.3,
      32.4,
      32.4,
      32.5,
      32.5,
      32.6,
      32.6,
      32.6,
      32.7,
      32.7,
      32.8,
      32.8,
      32.8,
      32.9,
      32.9,
      33.0,
      33.0,
      33.0,
      33.1,
      33.1,
      33.1,
      33.2,
      33.2,
      33.2,
      33.3,
      33.3,
      33.3,
      33.4,
      33.4,
      33.4,
      33.5,
      33.5,
      33.5,
      33.5,
      33.6,
      33.6,
      33.6,
      33.6,
      33.7,
      33.7,
      33.7,
      33.7,
      33.8,
      33.8,
      33.8,
      33.8,
      33.9,
      33.9,
      33.9,
      33.9,
      33.9,
      34.0,
      34.0,
      34.0,
      34.0,
      34.0,
      34.1,
      34.1,
      34.1,
      34.1,
      34.1,
      34.2,
      34.2,
      34.2,
      34.2,
      34.2,
      34.2,
      34.2,
      34.3,
      34.3,
      34.3,
      34.3,
      34.3,
      34.3,
      34.3,
      34.4,
      34.4,
      34.4,
      34.4,
      34.4,
      34.4,
      34.4,
      34.4,
      34.5,
      34.5,
      34.5,
      34.5,
      34.5,
      34.5,
      34.5,
      34.5,
      34.5,
      34.6,
      34.6,
      34.6,
      34.6,
      34.6,
      34.6,
      34.6,
      34.6,
      34.6,
      34.6,
      34.6,
      34.7,
      34.7,
      34.7,
      34.7,
      34.7,
      34.7,
      34.7,
      34.7,
      34.7,
      34.7,
      34.7,
      34.7,
      34.7,
      34.7,
      34.8,
      34.8,
      34.8,
      34.8,
      34.8,
      34.8,
      34.8,
      34.8,
      34.8,
      34.8,
      34.8,
      34.8,
      34.8,
      34.8,
      34.8,
      34.8,
      34.8,
      34.8,
      34.9,
      34.9,
      34.9,
      34.9,
      34.9,
      34.9,
      34.9,
      34.9,
      34.9,
      34.9,
      34.9,
      34.9,
      34.9,
      34.9,
      34.9,
      34.9,
      34.9,
      34.9,
      34.9,
      34.9,
      34.9
    ],
    "7": [
      0.0,
      0.6,
      1.2,
      1.8,
      2.3,
      2.9,
      3.4,
      3.9,
      4.4,
      4.9,
      5.3,
      5.8,
      6.2,
      6.7,
      7.1,
      7.5,
      7.9,
      8.3,
      8.7,
      9.0,
      9.4,
      9.7,
      10.1,
      10.4,
      10.7,
      11.0,
      11.3,
      11.6,
      11.9,
      12.2,
      12.5,
      12.7,
      13.0,
      13.2,
      13.5,
      13.7,
      13.9,
      14.1,
      14.4,
      14.6,
      14.8,
      15.0,
      15.2,
      15.3,
      15.5,
      15.7,
      15.9,
      16.0,
      16.2,
      16.4,
      16.5,
      16.7,
      16.8,
      17.0,
      17.1,
      17.2,
      17.4,
      17.5,
      17.6,
      17.7,
      17.9,
      18.0,
      18.1,
      18.2,
      18.3,
      18.4,
      18.5,
      18.6,
      18.7,
      18.8,
      18.9,
      18.9,
      19.0,
      19.1,
      19.2,
      19.3,
      19.3,
      19.4,
      19.5,
      19.5,
      19.6,
      19.7,
      19.7,
      19.8,
      19.9,
      19.9,
      20.0,
      20.0,
      20.1,
      20.1,
      20.2,
      20.2,
      20.3,
      20.3,
      20.4,
      20.4,
      20.5,
      20.5,
      20.5,
      20.6,
      20.6,
      20.7,
      20.7,
      20.7,
      20.8,
      20.8,
      20.8,
      20.9,
      20.9,
      20.9,
      21.0,
      21.0,
      21.0,
      21.0,
      21.1,
      21.1,
      21.1,
      21.1,
      21.2,
      21.2,
      21.2,
      21.2,
      21.2,
      21.3,
      21.3,
      21.3,
      21.3,
      21.3,
      21.4,
      21.4,
      21.4,
      21.4,
      21.4,
      21.4,
      21.5,
      21.5,
      21.5,
      21.5,
      21.5,
      21.5,
      21.5,
      21.6,
      21.6,
      21.6,
      21.6,
      21.6,
      21.6,
      21.6,
      21.6,
      21.6,
      21.6,
      21.7,
      21.7,
      21.7,
      21.7,
      21.7,
      21.7,
      21.7,
      21.7,
      21.7,
      21.7,
      21.7,
      21.7,
      21.7,
      21.8,
      21.8,
      21.8,
      21.8,
      21.8,
      21.8,
      21.8,
      21.8,
      21.8,
      21.8,
      21.8,
      21.8,
      21.8,
      21.8,
      21.8,
      21.8,
      21.8,
      21.8,
      21.8,
      21.8,
      21.9,
      21.9,
      21.9,
      21.9,
      21.9,
      21.9,
      21.9,
      21.9,
      21.9,
      21.9,
      21.9,
      21.9,
      21.9,
      21.9,
      21.9,
      21.9,
      21.9,
      21.9,
      21.9,
      21.9,
      21.9,
      21.9,
      21.9,
      21.9,
      21.9,
      21.9,
      21.9,
      21.9,
      21.9,
      21.9,
      21.9,
      21.9,
      21.9,
      21.9,
      21.9,
      21.9,
      21.9,
      21.9,
      21.9,
      21.9,
      21.9,
      21.9,
      21.9,
      21.9,
      21.9,
      21.9,
      21.9,
      21.9,
      21.9,
      21.9,
      22.0,
      22.0,
      22.0,
      22.0,
      22.0,
      22.0,
      22.0,
      22.0,
      22.0,
      22.0,
      22.0,
      22.0,
      22.0,
      22.0,
      22.0,
      22.0,
      22.0,
      22.0,
      22.0,
      22.0,
      22.0,
      22.0,
      22.0,
      22.0,
      22.0,
      22.0,
      22.0,
      22.0,
      22.0,
      22.0,
      22.0,
      22.0,
      22.0,
      22.0,
      22.0,
      22.0,
      22.0,
      22.0,
      22.0,
      22.0,
      22.0,
      22.0,
      22.0,
      22.0,
      22.0,
      22.0,
      22.0,
      22.0,
      22.0,
      22.0,
      22.0,
      22.0,
      22.0,
      22.0,
      22.0,
      22.0,
      22.0,
      22.0,
      22.0,
      22.0,
      22.0,
      22.0,
      22.0,
      22.0,
      22.0,
      22.0,
      22.0
    ],
    "8": [
      0.0,
      0.6,
      1.2,
      1.7,
      2.2,
      2.7,
      3.2,
      3.6,
      4.0,
      4.4,
      4.8,
      5.1,
      5.5,
      5.8,
      6.1,
      6.4,
      6.7,
      6.9,
      7.2,
      7.4,
      7.7,
      7.9,
      8.1,
      8.3,
      8.4,
      8.6,
      8.8,
      8.9,
      9.1,
      9.2,
      9.4,
      9.5,
      9.6,
      9.7,
      9.8,
      10.0,
      10.1,
      10.1,
      10.2,
      10.3,
      10.4,
      10.5,
      10.5,
      10.6,
      10.7,
      10.7,
      10.8,
      10.9,
      10.9,
      11.0,
      11.0,
      11.1,
      11.1,
      11.1,
      11.2,
      11.2,
      11.3,
      11.3,
      11.3,
      11.4,
      11.4,
      11.4,
      11.4,
      11.5,
      11.5,
      11.5,
      11.5,
      11.5,
      11.6,
      11.6,
      11.6,
      11.6,
      11.6,
      11.6,
      11.7,
      11.7,
      11.7,
      11.7,
      11.7,
      11.7,
      11.7,
      11.7,
      11.8,
      11.8,
      11.8,
      11.8,
      11.8,
      11.8,
      11.8,
      11.8,
      11.8,
      11.8,
      11.8,
      11.8,
      11.8,
      11.8,
      11.8,
      11.8,
      11.9,
      11.9,
      11.9,
      11.9,
      11.9,
      11.9,
      11.9,
      11.9,
      11.9,
      11.9,
      11.9,
      11.9,
      11.9,
      11.9,
      11.9,
      11.9,
      11.9,
      11.9,
      11.9,
      11.9,
      11.9,
      11.9,
      11.9,
      11.9,
      11.9,
      11.9,
      11.9,
      11.9,
      11.9,
      11.9,
      11.9,
      11.9,
      11.9,
      11.9,
      11.9,
      11.9,
      11.9,
      11.9,
      11.9,
      11.9,
      11.9,
      11.9,
      11.9,
      11.9,
      11.9,
      11.9,
      11.9,
      11.9,
      11.9,
      11.9,
      11.9,
      11.9,
      11.9,
      11.9,
      11.9,
      11.9,
      11.9,
      11.9,
      11.9,
      11.9,
      11.9,
      11.9,
      11.9,
      11.9,
      11.9,
      11.9,
      11.9,
      11.9,
      11.9,
      11.9,
      11.9,
      11.9,
      11.9,
      11.9,
      11.9,
      11.9,
      11.9,
      11.9,
      11.9,
      11.9,
      11.9,
      11.9,
      11.9,
      11.9,
      11.9,
      11.9,
      11.9,
      11.9,
      11.9,
      11.9,
      11.9,
      11.9,
      11.9,
      11.9,
      11.9,
      11.9,
      11.9,
      11.9,
      11.9,
      11.9,
      11.9,
      11.9,
      11.9,
      11.9,
      11.9,
      11.9,
      11.9,
      11.9,
      11.9,
      11.9,
      11.9,
      11.9,
      11.9,
      11.9,
      11.9,
      11.9,
      11.9,
      11.9,
      11.9,
      11.9,
      11.9,
      11.9,
      11.9,
      11.9,
      11.9,
      11.9,
      11.9,
      11.9,
      11.9,
      11.9,
      11.9,
      11.9,
      11.9,
      11.9,
      11.9,
      11.9,
      11.9,
      11.9,
      11.9,
      11.9,
      11.9,
      11.9,
      11.9,
      11.9,
      11.9,
      11.9,
      11.9,
      11.9,
      11.9,
      11.9,
      11.9,
      11.9,
      11.9,
      11.9,
      11.9,
      11.9,
      11.9,
      11.9,
      11.9,
      11.9,
      11.9,
      11.9,
      11.9,
      11.9,
      11.9,
      11.9,
      11.9,
      11.9,
      11.9,
      11.9,
      11.9,
      11.9,
      11.9,
      11.9,
      11.9,
      11.9,
      11.9,
      11.9,
      11.9,
      11.9,
      11.9,
      11.9,
      11.9,
      11.9,
      11.9,
      11.9,
      11.9,
      11.9,
      11.9,
      11.9,
      11.9,
      11.9,
      11.9,
      11.9,
      11.9,
      11.9,
      11.9,
      11.9,
      11.9,
      11.9,
      11.9,
      11.9,
      11.9
    ],
    "9": [
      0.0,
      0.6,
      1.1,
      1.5,
      1.9,
      2.2,
      2.5,
      2.8,
      3.0,
      3.2,
      3.4,
      3.6,
      3.7,
      3.8,
      3.9,
      4.0,
      4.1,
      4.2,
      4.2,
      4.3,
      4.3,
      4.4,
      4.4,
      4.5,
      4.5,
      4.5,
      4.5,
      4.6,
      4.6,
      4.6,
      4.6,
      4.6,
      4.6,
      4.6,
      4.6,
      4.6,
      4.6,
      4.7,
      4.7,
      4.7,
      4.7,
      4.7,
      4.7,
      4.7,
      4.7,
      4.7,
      4.7,
      4.7,
      4.7,
      4.7,
      4.7,
      4.7,
      4.7,
      4.7,
      4.7,
      4.7,
      4.7,
      4.7,
      4.7,
      4.7,
      4.7,
      4.7,
      4.7,
      4.7,
      4.7,
      4.7,
      4.7,
      4.7,
      4.7,
      4.7,
      4.7,
      4.7,
      4.7,
      4.7,
      4.7,
      4.7,
      4.7,
      4.7,
      4.7,
      4.7,
      4.7,
      4.7,
      4.7,
      4.7,
      4.7,
      4.7,
      4.7,
      4.7,
      4.7,
      4.7,
      4.7,
      4.7,
      4.7,
      4.7,
      4.7,
      4.7,
      4.7,
      4.7,
      4.7,
      4.7,
      4.7,
      4.7,
      4.7,
      4.7,
      4.7,
      4.7,
      4.7,
      4.7,
      4.7,
      4.7,
      4.7,
      4.7,
      4.7,
      4.7,
      4.7,
      4.7,
      4.7,
      4.7,
      4.7,
      4.7,
      4.7,
      4.7,
      4.7,
      4.7,
      4.7,
      4.7,
      4.7,
      4.7,
      4.7,
      4.7,
      4.7,
      4.7,
      4.7,
      4.7,
      4.7,
      4.7,
      4.7,
      4.7,
      4.7,
      4.7,
      4.7,
      4.7,
      4.7,
      4.7,
      4.7,
      4.7,
      4.7,
      4.7,
      4.7,
      4.7,
      4.7,
      4.7,
      4.7,
      4.7,
      4.7,
      4.7,
      4.7,
      4.7,
      4.7,
      4.7,
      4.7,
      4.7,
      4.7,
      4.7,
      4.7,
      4.7,
      4.7,
      4.7,
      4.7,
      4.7,
      4.7,
      4.7,
      4.7,
      4.7,
      4.7,
      4.7,
      4.7,
      4.7,
      4.7,
      4.7,
      4.7,
      4.7,
      4.7,
      4.7,
      4.7,
      4.7,
      4.7,
      4.7,
      4.7,
      4.7,
      4.7,
      4.7,
      4.7,
      4.7,
      4.7,
      4.7,
      4.7,
      4.7,
      4.7,
      4.7,
      4.7,
      4.7,
      4.7,
      4.7,
      4.7,
      4.7,
      4.7,
      4.7,
      4.7,
      4.7,
      4.7,
      4.7,
      4.7,
      4.7,
      4.7,
      4.7,
      4.7,
      4.7,
      4.7,
      4.7,
      4.7,
      4.7,
      4.7,
      4.7,
      4.7,
      4.7,
      4.7,
      4.7,
      4.7,
      4.7,
      4.7,
      4.7,
      4.7,
      4.7,
      4.7,
      4.7,
      4.7,
      4.7,
      4.7,
      4.7,
      4.7,
      4.7,
      4.7,
      4.7,
      4.7,
      4.7,
      4.7,
      4.7,
      4.7,
      4.7,
      4.7,
      4.7,
      4.7,
      4.7,
      4.7,
      4.7,
      4.7,
      4.7,
      4.7,
      4.7,
      4.7,
      4.7,
      4.7,
      4.7,
      4.7,
      4.7,
      4.7,
      4.7,
      4.7,
      4.7,
      4.7,
      4.7,
      4.7,
      4.7,
      4.7,
      4.7,
      4.7,
      4.7,
      4.7,
      4.7,
      4.7,
      4.7,
      4.7,
      4.7,
      4.7,
      4.7,
      4.7,
      4.7,
      4.7,
      4.7,
      4.7,
      4.7,
      4.7,
      4.7,
      4.7,
      4.7,
      4.7,
      4.7,
      4.7,
      4.7,
      4.7
    ]
  }
}