{
  "schema_version": 1,
  "label": "ICC DLS International (Standard Edition)",
  "format_overs": 20,
  "source": {
    "doc_title": "DUCKWORTH-LEWIS METHODOLOGY FOR RE-CALCULATING THE TARGET SCORE IN AN INTERRUPTED MATCH",
    "doc_effective_date": "2006-01-01",
    "doc_url": "https://images.icc-cricket.com/image/upload/prd/orlbya4cqyhqaceje3b2.pdf",
    "retrieved_at": "2025-08-20T21:46:18.832074+00:00"
  },
  "resources": {
    "0": [
      0.0,
      0.6,
      1.2,
      1.8,
      2.4,
      3.0,
      3.6,
      4.2,
      4.8,
      5.4,
      6.0,
      6.6,
      7.2,
      7.7,
      8.3,
      8.9,
      9.4,
      10.0,
      10.6,
      11.1,
      11.7,
      12.3,
      12.8,
      13.4,
      13.9,
      14.5,
      15.0,
      15.6,
      16.1,
      16.6,
      17.2,
      17.7,
      18.2,
      18.8,
      19.3,
      19.8,
      20.3,
      20.8,
      21.4,
      21.9,
      22.4,
      22.9,
      23.4,
      23.9,
      24.4,
      24.9,
      25.4,
      25.9,
      26.4,
      26.9,
      27.4,
      27.9,
      28.3,
      28.8,
      29.3,
      29.8,
      30.3,
      30.7,
      31.2,
      31.7,
      32.1,
      32.6,
      33.1,
      33.5,
      34.0,
      34.4,
      34.9,
      35.3,
      35.8,
      36.2,
      36.7,
      37.1,
      37.6,
      38.0,
      38.5,
      38.9,
      39.3,
      39.8,
      40.2,
      40.6,
      41.0,
      41.5,
      41.9,
      42.3,
      42.7,
      43.1,
      43.5,
      44.0,
      44.4,
      44.8,
      45.2,
      45.6,
      46.0,
      46.4,
      46.8,
      47.2,
      47.6,
      48.0,
      48.4,
      48.8,
      49.2,
      49.5,
      49.9,
      50.3,
      50.7,
      51.1,
      51.5,
      51.8,
      52.2,
      52.6,
      52.9,
      53.3,
      53.7,
      54.1,
      54.4,
      54.8,
      55.1,
      55.5,
      55.9,
      56.2,
      56.6
    ],
    "1": [
      0.0,
      0.6,
      1.2,
      1.8,
      2.4,
      3.0,
      3.6,
      4.2,
      4.8,
      5.4,
      6.0,
      6.5,
      7.1,
      7.7,
      8.3,
      8.8,
      9.4,
      10.0,
      10.5,
      11.1,
      11.6,
      12.2,
      12.7,
      13.3,
      13.8,
      14.4,
      14.9,
      15.4,
      16.0,
      16.5,
      17.0,
      17.5,
      18.1,
      18.6,
      19.1,
      19.6,
      20.1,
      20.6,
      21.1,
      21.6,
      22.1,
      22.6,
      23.1,
      23.6,
      24.1,
      24.6,
      25.1,
      25.6,
      26.0,
      26.5,
      27.0,
      27.5,
      27.9,
      28.4,
      28.9,
      29.3,
      29.8,
      30.2,
      30.7,
      31.1,
      31.6,
      32.0,
      32.5,
      32.9,
      33.4,
      33.8,
      34.2,
      34.7,
      35.1,
      35.5,
      36.0,
      36.4,
      36.8,
      37.2,
      37.7,
      38.1,
      38.5,
      38.9,
      39.3,
      39.7,
      40.1,
      40.5,
      40.9,
      41.3,
      41.7,
      42.1,
      42.5,
      42.9,
      43.3,
      43.7,
      44.1,
      44.5,
      44.8,
      45.2,
      45.6,
      46.0,
      46.3,
      46.7,
      47.1,
      47.5,
      47.8,
      48.2,
      48.5,
      48.9,
      49.3,
      49.6,
      50.0,
      50.3,
      50.7,
      51.0,
      51.4,
      51.7,
      52.1,
      52.4,
      52.8,
      53.1,
      53.4,
      53.8,
      54.1,
      54.4,
      54.8
    ],
    "2": [
      0.0,
      0.6,
      1.2,
      1.8,
      2.4,
      3.0,
      3.6,
      4.2,
      4.8,
      5.4,
      5.9,
      6.5,
      7.1,
      7.7,
      8.2,
      8.8,
      9.3,
      9.9,
      10.4,
      11.0,
      11.5,
      12.1,
      12.6,
      13.2,
      13.7,
      14.2,
      14.7,
      15.3,
      15.8,
      16.3,
      16.8,
      17.3,
      17.8,
      18.3,
      18.8,
      19.3,
      19.8,
      20.3,
      20.8,
      21.3,
      21.8,
      22.3,
      22.7,
      23.2,
      23.7,
      24.1,
      24.6,
      25.1,
      25.5,
      26.0,
      26.4,
      26.9,
      27.3,
      27.8,
      28.2,
      28.7,
      29.1,
      29.6,
      30.0,
      30.4,
      30.8,
      31.3,
      31.7,
      32.1,
      32.5,
      32.9,
      33.4,
      33.8,
      34.2,
      34.6,
      35.0,
      35.4,
      35.8,
      36.2,
      36.6,
      37.0,
      37.4,
      37.7,
      38.1,
      38.5,
      38.9,
      39.3,
      39.6,
      40.0,
      40.4,
      40.8,
      41.1,
      41.5,
      41.8,
      42.2,
      42.6,
      42.9,
      43.3,
      43.6,
      44.0,
      44.3,
      44.7,
      45.0,
      45.4,
      45.7,
      46.0,
      46.4,
      46.7,
      47.0,
      47.4,
      47.7,
      48.0,
      48.3,
      48.6,
      49.0,
      49.3,
      49.6,
      49.9,
      50.2,
      50.5,
      50.8,
      51.1,
      51.5,
      51.8,
      52.1,
      52.4
    ],
    "3": [
      0.0,
      0.6,
      1.2,
      1.8,
      2.4,
      3.0,
      3.6,
      4.2,
      4.8,
      5.3,
      5.9,
      6.5,
      7.0,
      7.6,
      8.2,
      8.7,
      9.3,
      9.8,
      10.3,
      10.9,
      11.4,
      11.9,
      12.5,
      13.0,
      13.5,
      14.0,
      14.5,
      15.0,
      15.5,
      16.0,
      16.5,
      17.0,
      17.5,
      18.0,
      18.5,
      18.9,
      19.4,
      19.9,
      20.3,
      20.8,
      21.3,
      21.7,
      22.2,
      22.6,
      23.1,
      23.5,
      24.0,
      24.4,
      24.8,
      25.3,
      25.7,
      26.1,
      26.5,
      26.9,
      27.4,
      27.8,
      28.2,
      28.6,
      29.0,
      29.4,
      29.8,
      30.2,
      30.6,
      31.0,
      31.4,
      31.7,
      32.1,
      32.5,
      32.9,
      33.2,
      33.6,
      34.0,
      34.3,
      34.7,
      35.1,
      35.4,
      35.8,
      36.1,
      36.5,
      36.8,
      37.2,
      37.5,
      37.9,
      38.2,
      38.5,
      38.9,
      39.2,
      39.5,
      39.8,
      40.2,
      40.5,
      40.8,
      41.1,
      41.4,
      41.7,
      42.0,
      42.3,
      42.7,
      43.0,
      43.3,
      43.6,
      43.8,
      44.1,
      44.4,
      44.7,
      45.0,
      45.3,
      45.6,
      45.9,
      46.1,
      46.4,
      46.7,
      47.0,
      47.2,
      47.5,
      47.8,
      48.0,
      48.3,
      48.6,
      48.8,
      49.1
    ],
    "4": [
      0.0,
      0.6,
      1.2,
      1.8,
      2.4,
      3.0,
      3.6,
      4.2,
      4.7,
      5.3,
      5.9,
      6.4,
      7.0,
      7.5,
      8.0,
      8.6,
      9.1,
      9.6,
      10.2,
      10.7,
      11.2,
      11.7,
      12.2,
      12.7,
      13.2,
      13.7,
      14.2,
      14.7,
      15.1,
      15.6,
      16.1,
      16.5,
      17.0,
      17.4,
      17.9,
      18.3,
      18.8,
      19.2,
      19.7,
      20.1,
      20.5,
      20.9,
      21.4,
      21.8,
      22.2,
      22.6,
      23.0,
      23.4,
      23.8,
      24.2,
      24.6,
      25.0,
      25.3,
      25.7,
      26.1,
      26.5,
      26.8,
      27.2,
      27.6,
      27.9,
      28.3,
      28.6,
      29.0,
      29.3,
      29.7,
      30.0,
      30.4,
      30.7,
      31.0,
      31.3,
      31.7,
      32.0,
      32.3,
      32.6,
      32.9,
      33.2,
      33.6,
      33.9,
      34.2,
      34.5,
      34.8,
      35.0,
      35.3,
      35.6,
      35.9,
      36.2,
      36.5,
      36.8,
      37.0,
      37.3,
      37.6,
      37.8,
      38.1,
      38.4,
      38.6,
      38.9,
      39.1,
      39.4,
      39.6,
      39.9,
      40.1,
      40.4,
      40.6,
      40.9,
      41.1,
      41.3,
      41.6,
      41.8,
      42.0,
      42.3,
      42.5,
      42.7,
      42.9,
      43.2,
      43.4,
      43.6,
      43.8,
      44.0,
      44.2,
      44.4,
      44.6
    ],
    "5": [
      0.0,
      0.6,
      1.2,
      1.8,
      2.4,
      3.0,
      3.5,
      4.1,
      4.7,
      5.2,
      5.8,
      6.3,
      6.8,
      7.4,
      7.9,
      8.4,
      8.9,
      9.4,
      9.9,
      10.4,
      10.9,
      11.3,
      11.8,
      12.3,
      12.7,
      13.2,
      13.6,
      14.1,
      14.5,
      15.0,
      15.4,
      15.8,
      16.2,
      16.6,
      17.0,
      17.4,
      17.8,
      18.2,
      18.6,
      19.0,
      19.4,
      19.8,
      20.1,
      20.5,
      20.9,
      21.2,
      21.6,
      21.9,
      22.3,
      22.6,
      22.9,
      23.3,
      23.6,
      23.9,
      24.2,
      24.5,
      24.9,
      25.2,
      25.5,
      25.8,
      26.1,
      26.4,
      26.6,
      26.9,
      27.2,
      27.5,
      27.8,
      28.0,
      28.3,
      28.6,
      28.8,
      29.1,
      29.4,
      29.6,
      29.9,
      30.1,
      30.4,
      30.6,
      30.8,
      31.1,
      31.3,
      31.5,
      31.8,
      32.0,
      32.2,
      32.4,
      32.6,
      32.8,
      33.1,
      33.3,
      33.5,
      33.7,
      33.9,
      34.1,
      34.3,
      34.5,
      34.7,
      34.8,
      35.0,
      35.2,
      35.4,
      35.6,
      35.8,
      35.9,
      36.1,
      36.3,
      36.4,
      36.6,
      36.8,
      36.9,
      37.1,
      37.3,
      37.4,
      37.6,
      37.7,
      37.9,
      38.0,
      38.2,
      38.3,
      38.5,
      38.6
    ],
    "6": [
      0.0,
      0.6,
      1.2,
      1.8,
      2.4,
      2.9,
      3.5,
      4.0,
      4.6,
      5.1,
      5.6,
      6.1,
      6.6,
      7.1,
      7.6,
      8.1,
      8.5,
      9.0,
      9.5,
      9.9,
      10.3,
      10.8,
      11.2,
      11.6,
      12.0,
      12.4,
      12.8,
      13.2,
      13.6,
      13.9,
      14.3,
      14.7,
      15.0,
      15.4,
      15.7,
      16.0,
      16.4,
      16.7,
      17.0,
      17.3,
      17.6,
      17.9,
      18.2,
      18.5,
      18.8,
      19.1,
      19.4,
      19.6,
      19.9,
      20.2,
      20.4,
      20.7,
      20.9,
      21.2,
      21.4,
      21.7,
      21.9,
      22.1,
      22.3,
      22.6,
      22.8,
      23.0,
      23.2,
      23.4,
      23.6,
      23.8,
      24.0,
      24.2,
      24.4,
      24.6,
      24.8,
      24.9,
      25.1,
      25.3,
      25.5,
      25.6,
      25.8,
      25.9,
      26.1,
      26.3,
      26.4,
      26.6,
      26.7,
      26.9,
      27.0,
      27.1,
      27.3,
      27.4,
      27.5,
      27.7,
      27.8,
      27.9,
      28.1,
      28.2,
      28.3,
      28.4,
      28.5,
      28.6,
      28.8,
      28.9,
      29.0,
      29.1,
      29.2,
      29.3,
      29.4,
      29.5,
      29.6,
      29.7,
      29.8,
      29.9,
      30.0,
      30.0,
      30.1,
      30.2,
      30.3,
      30.4,
      30.5,
      30.6,
      30.6,
      30.7,
      30.8
    ],
    "7": [
      0.0,
      0.6,
      1.2,
      1.8,
      2.3,
      2.9,
      3.4,
      3.9,
      4.4,
      4.9,
      5.3,
      5.8,
      6.2,
      6.7,
      7.1,
      7.5,
      7.9,
      8.3,
      8.7,
      9.0,
      9.4,
      9.7,
      10.1,
      10.4,
      10.7,
      11.0,
      11.3,
      11.6,
      11.9,
      12.2,
      12.5,
      12.7,
      13.0,
      13.2,
      13.5,
      13.7,
      13.9,
      14.1,
      14.4,
      14.6,
      14.8,
      15.0,
      15.2,
      15.3,
      15.5,
      15.7,
      15.9,
      16.0,
      16.2,
      16.4,
      16.5,
      16.7,
      16.8,
      17.0,
      17.1,
      17.2,
      17.4,
      17.5,
      17.6,
      17.7,
      17.9,
      18.0,
      18.1,
      18.2,
      18.3,
      18.4,
      18.5,
      18.6,
      18.7,
      18.8,
      18.9,
      18.9,
      19.0,
      19.1,
      19.2,
      19.3,
      19.3,
      19.4,
      19.5,
      19.5,
      19.6,
      19.7,
      19.7,
      19.8,
      19.9,
      19.9,
      20.0,
      20.0,
      20.1,
      20.1,
      20.2,
      20.2,
      20.3,
      20.3,
      20.4,
      20.4,
      20.5,
      20.5,
      20.5,
      20.6,
      20.6,
      20.7,
      20.7,
      20.7,
      20.8,
      20.8,
      20.8,
      20.9,
      20.9,
      20.9,
      21.0,
      21.0,
      21.0,
      21.0,
      21.1,
      21.1,
      21.1,
      21.1,
      21.2,
      21.2,
      21.2
    ],
    "8": [
      0.0,
      0.6,
      1.2,
      1.7,
      2.2,
      2.7,
      3.2,
      3.6,
      4.0,
      4.4,
      4.8,
      5.1,
      5.5,
      5.8,
      6.1,
      6.4,
      6.7,
      6.9,
      7.2,
      7.4,
      7.7,
      7.9,
      8.1,
      8.3,
      8.4,
      8.6,
      8.8,
      8.9,
      9.1,
      9.2,
      9.4,
      9.5,
      9.6,
      9.7,
      9.8,
      10.0,
      10.1,
      10.1,
      10.2,
      10.3,
      10.4,
      10.5,
      10.5,
      10.6,
      10.7,
      10.7,
      10.8,
      10.9,
      10.9,
      11.0,
      11.0,
      11.1,
      11.1,
      11.1,
      11.2,
      11.2,
      11.3,
      11.3,
      11.3,
      11.4,
      11.4,
      11.4,
      11.4,
      11.5,
      11.5,
      11.5,
      11.5,
      11.5,
      11.6,
      11.6,
      11.6,
      11.6,
      11.6,
      11.6,
      11.7,
      11.7,
      11.7,
      11.7,
      11.7,
      11.7,
      11.7,
      11.7,
      11.8,
      11.8,
      11.8,
      11.8,
      11.8,
      11.8,
      11.8,
      11.8,
      11.8,
      11.8,
      11.8,
      11.8,
      11.8,
      11.8,
      11.8,
      11.8,
      11.9,
      11.9,
      11.9,
      11.9,
      11.9,
      11.9,
      11.9,
      11.9,
      11.9,
      11.9,
      11.9,
      11.9,
      11.9,
      11.9,
      11.9,
      11.9,
      11.9,
      11.9,
      11.9,
      11.9,
      11.9,
      11.9,
      11.9
    ],
    "9": [
      0.0,
      0.6,
      1.1,
      1.5,
      1.9,
      2.2,
      2.5,
      2.8,
      3.0,
      3.2,
      3.4,
      3.6,
      3.7,
      3.8,
      3.9,
      4.0,
      4.1,
      4.2,
      4.2,
      4.3,
      4.3,
      4.4,
      4.4,
      4.5,
      4.5,
      4.5,
      4.5,
      4.6,
      4.6,
      4.6,
      4.6,
      4.6,
      4.6,
      4.6,
      4.6,
      4.6,
      4.6,
      4.7,
      4.7,
      4.7,
      4.7,
      4.7,
      4.7,
      4.7,
      4.7,
      4.7,
      4.7,
      4.7,
      4.7,
      4.7,
      4.7,
      4.7,
      4.7,
      4.7,
      4.7,
      4.7,
      4.7,
      4.7,
      4.7,
      4.7,
      4.7,
      4.7,
      4.7,
      4.7,
      4.7,
      4.7,
      4.7,
      4.7,
      4.7,
      4.7,
      4.7,
      4.7,
      4.7,
      4.7,
      4.7,
      4.7,
      4.7,
      4.7,
      4.7,
      4.7,
      4.7,
      4.7,
      4.7,
      4.7,
      4.7,
      4.7,
      4.7,
      4.7,
      4.7,
      4.7,
      4.7,
      4.7,
      4.7,
      4.7,
      4.7,
      4.7,
      4.7,
      4.7,
      4.7,
      4.7,
      4.7,
      4.7,
      4.7,
      4.7,
      4.7,
      4.7,
      4.7,
      4.7,
      4.7,
      4.7,
      4.7,
      4.7,
      4.7,
      4.7,
      4.7,
      4.7,
      4.7,
      4.7,
      4.7,
      4.7,
      4.7
    ]
  }
}